time, sensor_id, node_x, node_y, T_in, T_out, signal_strength,
32.032, 0, 1.79621, -0.115357, 14.9831, 8.56307, 1.56929, 
32.16, 0, 1.79621, -0.115357, 15.0445, 8.89605, 1.57922, 
32.288, 0, 1.79621, -0.115357, 15.0453, 9.15374, 1.58905, 
32.416, 0, 1.79621, -0.115357, 15.0578, 8.10189, 1.59934, 
32.544, 0, 1.79621, -0.115357, 15.029, 8.96553, 1.60956, 
32.672, 0, 1.79621, -0.115357, 15.0381, 8.63512, 1.61972, 
32.8, 0, 1.79621, -0.115357, 15.1409, 8.49672, 1.62983, 
32.928, 0, 1.79621, -0.115357, 14.9558, 8.9227, 1.63988, 
33.056, 0, 1.79621, -0.115357, 14.8048, 8.33271, 1.64942, 
33.184, 0, 1.79621, -0.115357, 15.1138, 8.48041, 1.65937, 
33.312, 0, 1.79621, -0.115357, 14.9941, 8.39289, 1.66923, 
33.44, 0, 1.79621, -0.115357, 14.9939, 8.75852, 1.67815, 
33.568, 0, 1.79621, -0.115357, 15.2065, 8.51181, 1.68749, 
33.696, 0, 1.79621, -0.115357, 15.0382, 8.7111, 1.69674, 
33.824, 0, 1.79621, -0.115357, 14.9077, 8.58042, 1.70593, 
33.952, 0, 1.79621, -0.115357, 15.2089, 8.94828, 1.71508, 
34.08, 0, 1.79621, -0.115357, 15.041, 8.8902, 1.72414, 
34.208, 0, 1.79621, -0.115357, 15.0812, 8.50989, 1.7335, 
34.336, 0, 1.79621, -0.115357, 15.0698, 8.15868, 1.74194, 
34.464, 0, 1.79621, -0.115357, 15.1548, 8.40152, 1.75072, 
34.592, 0, 1.79621, -0.115357, 14.8811, 8.72719, 1.75951, 
34.72, 0, 1.79621, -0.115357, 15.3563, 8.39563, 1.76854, 
34.848, 0, 1.79621, -0.115357, 15.3782, 8.74445, 1.77744, 
34.976, 0, 1.79621, -0.115357, 15.198, 8.79798, 1.78621, 
35.104, 0, 1.79621, -0.115357, 15.1634, 8.12416, 1.79484, 
35.232, 0, 1.79621, -0.115357, 15.347, 8.63853, 1.80332, 
35.36, 0, 1.79621, -0.115357, 15.1645, 8.45369, 1.81127, 
35.488, 0, 1.79621, -0.115357, 15.3753, 8.19994, 1.8195, 
35.616, 0, 1.79621, -0.115357, 15.2701, 8.12188, 1.82718, 
35.744, 0, 1.79621, -0.115357, 15.2894, 8.27783, 1.83511, 
35.872, 0, 1.79621, -0.115357, 15.1811, 8.84344, 1.84286, 
36, 0, 1.79621, -0.115357, 15.4228, 8.33671, 1.85043, 
36.128, 0, 1.79621, -0.115357, 15.2763, 8.86508, 1.85783, 
36.256, 0, 1.79621, -0.115357, 15.1817, 8.22154, 1.86504, 
36.384, 0, 1.79621, -0.115357, 15.307, 8.27074, 1.87207, 
36.512, 0, 1.79621, -0.115357, 15.6128, 9.11476, 1.8789, 
36.64, 0, 1.79621, -0.115357, 15.1967, 8.53386, 1.88553, 
36.768, 0, 1.79621, -0.115357, 15.1643, 9.1923, 1.89196, 
36.896, 0, 1.79621, -0.115357, 15.2445, 9.06873, 1.89818, 
37.024, 0, 1.79621, -0.115357, 15.516, 9.05429, 1.90418, 
37.152, 0, 1.79621, -0.115357, 15.2475, 8.28885, 1.90997, 
37.28, 0, 1.79621, -0.115357, 15.4702, 8.52982, 1.91554, 
37.408, 0, 1.79621, -0.115357, 15.4006, 8.30059, 1.92089, 
37.536, 0, 1.79621, -0.115357, 15.4127, 8.47225, 1.926, 
37.664, 0, 1.79621, -0.115357, 15.4871, 8.55396, 1.93088, 
37.792, 0, 1.79621, -0.115357, 15.3487, 8.11745, 1.93553, 
37.92, 0, 1.79621, -0.115357, 15.4774, 8.49248, 1.93993, 
38.048, 0, 1.79621, -0.115357, 15.381, 9.1329, 1.94409, 
38.176, 0, 1.79621, -0.115357, 15.257, 8.57243, 1.948, 
38.304, 0, 1.79621, -0.115357, 15.2235, 8.65995, 1.95166, 
38.432, 0, 1.79621, -0.115357, 15.4352, 8.62656, 1.95506, 
38.56, 0, 1.79621, -0.115357, 15.336, 8.22974, 1.95821, 
38.688, 0, 1.79621, -0.115357, 15.4489, 8.82075, 1.9611, 
38.816, 0, 1.79621, -0.115357, 15.4779, 8.68848, 1.96373, 
38.944, 0, 1.79621, -0.115357, 15.5814, 8.6239, 1.9661, 
39.072, 0, 1.79621, -0.115357, 15.506, 8.67716, 1.9682, 
39.2, 0, 1.79621, -0.115357, 15.5236, 9.12953, 1.97004, 
39.328, 0, 1.79621, -0.115357, 15.449, 8.65686, 1.9716, 
39.456, 0, 1.79621, -0.115357, 15.3665, 8.57137, 1.9729, 
39.584, 0, 1.79621, -0.115357, 15.5376, 8.59921, 1.97392, 
39.712, 0, 1.79621, -0.115357, 15.5364, 8.64464, 1.97468, 
39.84, 0, 1.79621, -0.115357, 15.7623, 8.77838, 1.97516, 
39.968, 0, 1.79621, -0.115357, 15.6169, 8.39415, 1.97537, 
40.096, 0, 1.79621, -0.115357, 15.3996, 8.81724, 1.9753, 
40.224, 0, 1.79621, -0.115357, 15.5222, 9.02438, 1.97497, 
40.352, 0, 1.79621, -0.115357, 15.5343, 8.86789, 1.97436, 
40.48, 0, 1.79621, -0.115357, 15.5059, 7.99967, 1.97347, 
40.608, 0, 1.79621, -0.115357, 15.6557, 8.4194, 1.97232, 
40.736, 0, 1.79621, -0.115357, 15.4945, 8.92815, 1.9709, 
40.864, 0, 1.79621, -0.115357, 15.6672, 8.6234, 1.9692, 
40.992, 0, 1.79621, -0.115357, 15.4608, 8.3031, 1.96724, 
41.12, 0, 1.79621, -0.115357, 15.5605, 8.13303, 1.96502, 
41.248, 0, 1.79621, -0.115357, 15.6884, 8.31911, 1.96253, 
41.376, 0, 1.79621, -0.115357, 15.8313, 8.68661, 1.95977, 
41.504, 0, 1.79621, -0.115357, 15.6304, 8.23474, 1.95676, 
41.632, 0, 1.79621, -0.115357, 15.656, 9.0924, 1.95349, 
41.76, 0, 1.79621, -0.115357, 15.5748, 8.66499, 1.94996, 
41.888, 0, 1.79621, -0.115357, 15.7808, 8.48139, 1.94618, 
42.016, 0, 1.79621, -0.115357, 15.5922, 8.40533, 1.94224, 
42.144, 0, 1.79621, -0.115357, 15.7019, 8.95799, 1.938, 
42.272, 0, 1.79621, -0.115357, 15.3965, 8.35028, 1.93352, 
42.4, 0, 1.79621, -0.115357, 15.6721, 8.51498, 1.9288, 
42.528, 0, 1.79621, -0.115357, 15.4468, 8.57126, 1.92395, 
42.656, 0, 1.79621, -0.115357, 15.6092, 9.02359, 1.9188, 
42.784, 0, 1.79621, -0.115357, 15.8348, 8.86466, 1.91356, 
42.912, 0, 1.79621, -0.115357, 15.799, 8.32337, 1.90827, 
43.04, 0, 1.79621, -0.115357, 15.6544, 8.60427, 1.90271, 
43.168, 0, 1.79621, -0.115357, 15.7342, 8.55657, 1.89695, 
43.296, 0, 1.79621, -0.115357, 15.6249, 8.92237, 1.89105, 
43.424, 0, 1.79621, -0.115357, 15.5918, 8.29321, 1.88495, 
43.552, 0, 1.79621, -0.115357, 15.7396, 8.45937, 1.8791, 
43.68, 0, 1.79621, -0.115357, 15.6249, 8.61561, 1.87276, 
43.808, 0, 1.79621, -0.115357, 15.728, 7.98591, 1.86634, 
43.936, 0, 1.79621, -0.115357, 15.7497, 8.83988, 1.85959, 
44.064, 0, 1.79621, -0.115357, 15.8713, 9.14995, 1.85306, 
44.192, 0, 1.79621, -0.115357, 15.8066, 8.56539, 1.84621, 
44.32, 0, 1.79621, -0.115357, 15.784, 8.00019, 1.83937, 
44.448, 0, 1.79621, -0.115357, 15.6955, 8.81874, 1.83253, 
44.576, 0, 1.79621, -0.115357, 15.6915, 8.87895, 1.82569, 
44.704, 0, 1.79621, -0.115357, 15.8341, 8.81871, 1.81864, 
44.832, 0, 1.79621, -0.115357, 15.7902, 8.99358, 1.81128, 
44.96, 0, 1.79621, -0.115357, 15.6511, 8.40851, 1.80405, 
45.088, 0, 1.79621, -0.115357, 15.9709, 8.58382, 1.79677, 
45.216, 0, 1.79621, -0.115357, 15.7206, 8.86799, 1.78962, 
45.344, 0, 1.79621, -0.115357, 15.7183, 8.55208, 1.78217, 
45.472, 0, 1.79621, -0.115357, 15.8156, 8.63873, 1.77468, 
45.6, 0, 1.79621, -0.115357, 15.7356, 8.09869, 1.76686, 
45.728, 0, 1.79621, -0.115357, 15.8185, 8.33737, 1.75947, 
45.856, 0, 1.79621, -0.115357, 15.8514, 8.32807, 1.75148, 
45.984, 0, 1.79621, -0.115357, 15.8304, 8.77852, 1.74375, 
46.112, 0, 1.79621, -0.115357, 15.8266, 8.7966, 1.73588, 
46.24, 0, 1.79621, -0.115357, 15.7978, 8.97194, 1.72736, 
46.368, 0, 1.79621, -0.115357, 15.9732, 9.03179, 1.71873, 
46.496, 0, 1.79621, -0.115357, 15.7148, 8.33656, 1.70999, 
46.624, 0, 1.79621, -0.115357, 15.7969, 8.30012, 1.70113, 
46.752, 0, 1.79621, -0.115357, 15.8068, 8.83535, 1.69216, 
46.88, 0, 1.79621, -0.115357, 15.7584, 8.29709, 1.68308, 
47.008, 0, 1.79621, -0.115357, 15.7428, 8.27934, 1.67391, 
47.136, 0, 1.79621, -0.115357, 15.6441, 8.77282, 1.66464, 
47.264, 0, 1.79621, -0.115357, 15.9627, 8.82679, 1.65529, 
47.392, 0, 1.79621, -0.115357, 15.9827, 8.34068, 1.64584, 
47.52, 0, 1.79621, -0.115357, 15.8522, 8.75598, 1.63632, 
47.648, 0, 1.79621, -0.115357, 15.8577, 9.1532, 1.62672, 
47.776, 0, 1.79621, -0.115357, 15.8135, 9.05608, 1.61706, 
47.904, 0, 1.79621, -0.115357, 15.8228, 8.6628, 1.60732, 
48.032, 0, 1.79621, -0.115357, 15.8566, 8.40124, 1.59752, 
48.16, 0, 1.79621, -0.115357, 16.0768, 8.56081, 1.58767, 
48.288, 0, 1.79621, -0.115357, 15.9729, 8.30958, 1.57776, 
195.616, 1, 4.62, 1.21, 16.0688, 8.51758, 1.57176, 
195.744, 1, 4.62, 1.21, 16.9937, 8.36272, 1.58252, 
195.872, 1, 4.62, 1.21, 16.7299, 8.91545, 1.59321, 
196, 1, 4.62, 1.21, 16.3468, 9.12531, 1.60387, 
196.128, 1, 4.62, 1.21, 16.853, 8.19345, 1.6145, 
196.256, 1, 4.62, 1.21, 17.1197, 7.90394, 1.62511, 
196.384, 1, 4.62, 1.21, 16.7165, 8.89058, 1.63567, 
196.512, 1, 4.62, 1.21, 16.1704, 8.72376, 1.64623, 
196.64, 1, 4.62, 1.21, 16.4421, 8.85855, 1.65674, 
196.768, 1, 4.62, 1.21, 17.3502, 8.48934, 1.66722, 
196.896, 1, 4.62, 1.21, 16.5162, 8.72746, 1.67764, 
197.024, 1, 4.62, 1.21, 16.4379, 8.79914, 1.68799, 
197.152, 1, 4.62, 1.21, 16.8676, 8.67884, 1.69822, 
197.28, 1, 4.62, 1.21, 16.1647, 8.50051, 1.70825, 
197.408, 1, 4.62, 1.21, 16.7686, 8.42268, 1.7181, 
197.536, 1, 4.62, 1.21, 16.6267, 8.59458, 1.72787, 
197.664, 1, 4.62, 1.21, 16.3124, 8.23671, 1.73774, 
197.792, 1, 4.62, 1.21, 16.4769, 8.5216, 1.74758, 
197.92, 1, 4.62, 1.21, 16.6959, 8.51905, 1.75732, 
198.048, 1, 4.62, 1.21, 16.7229, 8.74554, 1.76704, 
198.176, 1, 4.62, 1.21, 16.1604, 9.03671, 1.77662, 
198.304, 1, 4.62, 1.21, 16.4905, 8.69817, 1.7861, 
198.432, 1, 4.62, 1.21, 16.7403, 8.6574, 1.79539, 
198.56, 1, 4.62, 1.21, 17.0163, 7.92579, 1.80469, 
198.688, 1, 4.62, 1.21, 16.1817, 8.62318, 1.81383, 
198.816, 1, 4.62, 1.21, 16.515, 8.42009, 1.82287, 
198.944, 1, 4.62, 1.21, 16.5924, 8.50726, 1.83165, 
199.072, 1, 4.62, 1.21, 16.9051, 8.51129, 1.84035, 
199.2, 1, 4.62, 1.21, 16.2461, 8.39063, 1.849, 
199.328, 1, 4.62, 1.21, 16.331, 7.89415, 1.85739, 
199.456, 1, 4.62, 1.21, 16.1421, 8.86902, 1.86563, 
199.584, 1, 4.62, 1.21, 16.7487, 7.96686, 1.87383, 
199.712, 1, 4.62, 1.21, 16.483, 8.51869, 1.88185, 
199.84, 1, 4.62, 1.21, 16.9746, 8.27252, 1.88969, 
199.968, 1, 4.62, 1.21, 16.5979, 8.3693, 1.89734, 
200.096, 1, 4.62, 1.21, 16.6961, 8.60214, 1.9048, 
200.224, 1, 4.62, 1.21, 16.4197, 8.41301, 1.91206, 
200.352, 1, 4.62, 1.21, 16.5449, 8.434, 1.91912, 
200.48, 1, 4.62, 1.21, 16.5202, 8.69506, 1.92598, 
200.608, 1, 4.62, 1.21, 17.134, 8.49866, 1.93262, 
200.736, 1, 4.62, 1.21, 16.4194, 8.4798, 1.93904, 
200.864, 1, 4.62, 1.21, 16.4075, 8.55484, 1.94525, 
200.992, 1, 4.62, 1.21, 16.9234, 8.65167, 1.95122, 
201.12, 1, 4.62, 1.21, 17.1633, 9.05686, 1.95697, 
201.248, 1, 4.62, 1.21, 17.1055, 8.20983, 1.96248, 
201.376, 1, 4.62, 1.21, 16.442, 8.44429, 1.96775, 
201.504, 1, 4.62, 1.21, 16.7835, 9.06535, 1.97278, 
201.632, 1, 4.62, 1.21, 16.1181, 8.23877, 1.97756, 
201.76, 1, 4.62, 1.21, 16.4662, 8.72117, 1.98208, 
201.888, 1, 4.62, 1.21, 16.2532, 9.04329, 1.98635, 
202.016, 1, 4.62, 1.21, 16.5904, 9.01997, 1.99037, 
202.144, 1, 4.62, 1.21, 17.2081, 8.54665, 1.99412, 
202.272, 1, 4.62, 1.21, 16.1722, 8.89312, 1.99761, 
202.4, 1, 4.62, 1.21, 16.6535, 8.33303, 2.00082, 
202.528, 1, 4.62, 1.21, 17.0495, 8.56619, 2.00377, 
202.656, 1, 4.62, 1.21, 16.7842, 8.34586, 2.00645, 
202.784, 1, 4.62, 1.21, 17.0233, 8.81794, 2.00885, 
202.912, 1, 4.62, 1.21, 16.8452, 8.20799, 2.01097, 
203.04, 1, 4.62, 1.21, 16.7169, 8.77156, 2.01281, 
203.168, 1, 4.62, 1.21, 16.6247, 8.34387, 2.01438, 
203.296, 1, 4.62, 1.21, 16.5481, 8.77123, 2.01566, 
203.424, 1, 4.62, 1.21, 16.1804, 8.40276, 2.01666, 
203.552, 1, 4.62, 1.21, 16.3737, 8.59138, 2.01737, 
203.68, 1, 4.62, 1.21, 16.8689, 8.32025, 2.0178, 
203.808, 1, 4.62, 1.21, 16.9481, 8.4874, 2.01795, 
203.936, 1, 4.62, 1.21, 17.0023, 8.80315, 2.01781, 
204.064, 1, 4.62, 1.21, 16.8651, 8.41717, 2.01739, 
204.192, 1, 4.62, 1.21, 16.2853, 8.57913, 2.01668, 
204.32, 1, 4.62, 1.21, 16.1955, 8.55691, 2.01569, 
204.448, 1, 4.62, 1.21, 16.4587, 8.55251, 2.01442, 
204.576, 1, 4.62, 1.21, 16.5875, 8.83114, 2.01286, 
204.704, 1, 4.62, 1.21, 16.9665, 8.17463, 2.01102, 
204.832, 1, 4.62, 1.21, 16.5879, 8.63383, 2.00891, 
204.96, 1, 4.62, 1.21, 16.8893, 8.5846, 2.00652, 
205.088, 1, 4.62, 1.21, 16.4667, 8.21288, 2.00385, 
205.216, 1, 4.62, 1.21, 16.3833, 8.12589, 2.00091, 
205.344, 1, 4.62, 1.21, 16.5737, 8.67265, 1.9977, 
205.472, 1, 4.62, 1.21, 16.4106, 8.54251, 1.99422, 
205.6, 1, 4.62, 1.21, 16.9938, 8.3382, 1.99047, 
205.728, 1, 4.62, 1.21, 16.7855, 7.98276, 1.98647, 
205.856, 1, 4.62, 1.21, 16.5217, 8.1495, 1.9822, 
205.984, 1, 4.62, 1.21, 16.921, 8.66741, 1.97768, 
206.112, 1, 4.62, 1.21, 16.6511, 8.61526, 1.97291, 
206.24, 1, 4.62, 1.21, 16.943, 8.93822, 1.96789, 
206.368, 1, 4.62, 1.21, 16.5062, 8.64421, 1.96262, 
206.496, 1, 4.62, 1.21, 16.8248, 8.60094, 1.95712, 
206.624, 1, 4.62, 1.21, 16.7229, 8.53603, 1.95138, 
206.752, 1, 4.62, 1.21, 16.4897, 8.63184, 1.94541, 
206.88, 1, 4.62, 1.21, 16.8464, 8.35719, 1.93921, 
207.008, 1, 4.62, 1.21, 16.6243, 8.79216, 1.9328, 
207.136, 1, 4.62, 1.21, 16.6359, 8.69568, 1.92616, 
207.264, 1, 4.62, 1.21, 16.3446, 8.7262, 1.91931, 
207.392, 1, 4.62, 1.21, 16.3156, 8.25301, 1.91225, 
207.52, 1, 4.62, 1.21, 16.4352, 9.09401, 1.905, 
207.648, 1, 4.62, 1.21, 16.5158, 9.02493, 1.89754, 
207.776, 1, 4.62, 1.21, 16.9718, 8.11802, 1.8899, 
207.904, 1, 4.62, 1.21, 16.646, 8.29801, 1.88206, 
208.032, 1, 4.62, 1.21, 16.5606, 8.7762, 1.87405, 
208.16, 1, 4.62, 1.21, 16.4639, 8.91537, 1.86586, 
208.288, 1, 4.62, 1.21, 15.876, 8.40818, 1.8575, 
208.416, 1, 4.62, 1.21, 16.8477, 8.81836, 1.84897, 
208.544, 1, 4.62, 1.21, 16.7095, 8.72478, 1.84029, 
208.672, 1, 4.62, 1.21, 17.1354, 8.60513, 1.83145, 
208.8, 1, 4.62, 1.21, 16.5715, 7.83618, 1.82247, 
208.928, 1, 4.62, 1.21, 16.4281, 7.935, 1.81334, 
209.056, 1, 4.62, 1.21, 16.8187, 8.11421, 1.80408, 
209.184, 1, 4.62, 1.21, 16.2293, 9.10008, 1.79468, 
209.312, 1, 4.62, 1.21, 16.6105, 8.61546, 1.78516, 
209.44, 1, 4.62, 1.21, 16.6166, 8.14471, 1.77552, 
209.568, 1, 4.62, 1.21, 16.3724, 9.27062, 1.76577, 
209.696, 1, 4.62, 1.21, 16.6495, 8.17016, 1.75591, 
209.824, 1, 4.62, 1.21, 16.8722, 8.94825, 1.74594, 
209.952, 1, 4.62, 1.21, 16.7708, 8.96588, 1.73587, 
210.08, 1, 4.62, 1.21, 16.7415, 8.58111, 1.72571, 
210.208, 1, 4.62, 1.21, 16.4555, 8.70774, 1.71547, 
210.336, 1, 4.62, 1.21, 16.9703, 8.18837, 1.70514, 
210.464, 1, 4.62, 1.21, 16.6749, 7.80918, 1.69473, 
210.592, 1, 4.62, 1.21, 16.6735, 8.40977, 1.68425, 
210.72, 1, 4.62, 1.21, 16.2642, 9.01444, 1.67371, 
210.848, 1, 4.62, 1.21, 16.8563, 9.14751, 1.6631, 
210.976, 1, 4.62, 1.21, 16.5578, 8.79943, 1.65244, 
211.104, 1, 4.62, 1.21, 16.8574, 8.78327, 1.64172, 
211.232, 1, 4.62, 1.21, 16.9084, 9.03968, 1.63095, 
211.36, 1, 4.62, 1.21, 16.8895, 8.08731, 1.62014, 
211.488, 1, 4.62, 1.21, 16.4605, 8.6645, 1.60929, 
211.616, 1, 4.62, 1.21, 17.2273, 8.80969, 1.59841, 
211.744, 1, 4.62, 1.21, 16.6578, 9.08653, 1.5875, 
211.872, 1, 4.62, 1.21, 16.3208, 8.18209, 1.57656, 
389.408, 2, 1.30989, 2.56938, 16.5937, 8.31607, 1.57828, 
389.536, 2, 1.30989, 2.56938, 16.3015, 9.33353, 1.5894, 
389.664, 2, 1.30989, 2.56938, 16.2728, 8.92218, 1.6005, 
389.792, 2, 1.30989, 2.56938, 16.2929, 8.1561, 1.61158, 
389.92, 2, 1.30989, 2.56938, 16.3322, 8.43303, 1.62262, 
390.048, 2, 1.30989, 2.56938, 16.8158, 8.79309, 1.63363, 
390.176, 2, 1.30989, 2.56938, 16.7204, 8.8444, 1.64461, 
390.304, 2, 1.30989, 2.56938, 16.7032, 8.67656, 1.65553, 
390.432, 2, 1.30989, 2.56938, 16.9318, 8.53621, 1.66641, 
390.56, 2, 1.30989, 2.56938, 16.6287, 8.50362, 1.67724, 
390.688, 2, 1.30989, 2.56938, 16.6493, 8.8434, 1.68801, 
390.816, 2, 1.30989, 2.56938, 16.888, 8.50716, 1.69872, 
390.944, 2, 1.30989, 2.56938, 16.6375, 8.59643, 1.70936, 
391.072, 2, 1.30989, 2.56938, 16.2692, 9.32212, 1.71993, 
391.2, 2, 1.30989, 2.56938, 16.6386, 8.39016, 1.73042, 
391.328, 2, 1.30989, 2.56938, 16.3145, 8.48071, 1.74082, 
391.456, 2, 1.30989, 2.56938, 16.4738, 8.23711, 1.75114, 
391.584, 2, 1.30989, 2.56938, 16.5153, 8.57662, 1.76136, 
391.712, 2, 1.30989, 2.56938, 16.9231, 8.2354, 1.77149, 
391.84, 2, 1.30989, 2.56938, 16.2891, 9.17205, 1.78151, 
391.968, 2, 1.30989, 2.56938, 16.7363, 9.00044, 1.79141, 
392.096, 2, 1.30989, 2.56938, 16.4395, 8.61241, 1.80121, 
392.224, 2, 1.30989, 2.56938, 16.8793, 8.42457, 1.81088, 
392.352, 2, 1.30989, 2.56938, 16.576, 8.06077, 1.82042, 
392.48, 2, 1.30989, 2.56938, 16.3431, 8.58918, 1.82983, 
392.608, 2, 1.30989, 2.56938, 16.5592, 8.89352, 1.8391, 
392.736, 2, 1.30989, 2.56938, 16.5244, 8.97293, 1.84823, 
392.864, 2, 1.30989, 2.56938, 16.6593, 8.85215, 1.85721, 
392.992, 2, 1.30989, 2.56938, 16.078, 8.87686, 1.86603, 
393.12, 2, 1.30989, 2.56938, 16.665, 8.64491, 1.87468, 
393.248, 2, 1.30989, 2.56938, 16.1099, 8.45923, 1.88318, 
393.376, 2, 1.30989, 2.56938, 16.7586, 8.26501, 1.89149, 
393.504, 2, 1.30989, 2.56938, 16.3997, 8.55789, 1.89963, 
393.632, 2, 1.30989, 2.56938, 16.6381, 8.6739, 1.90759, 
393.76, 2, 1.30989, 2.56938, 16.5554, 8.55578, 1.91536, 
393.888, 2, 1.30989, 2.56938, 16.6029, 8.55666, 1.92293, 
394.016, 2, 1.30989, 2.56938, 16.7165, 8.6277, 1.9303, 
394.144, 2, 1.30989, 2.56938, 16.7462, 8.57676, 1.93746, 
394.272, 2, 1.30989, 2.56938, 16.8028, 8.59016, 1.94442, 
394.4, 2, 1.30989, 2.56938, 16.4896, 8.41894, 1.95115, 
394.528, 2, 1.30989, 2.56938, 16.9474, 8.22052, 1.95767, 
394.656, 2, 1.30989, 2.56938, 16.7008, 8.5409, 1.96396, 
394.784, 2, 1.30989, 2.56938, 16.5833, 8.57772, 1.97002, 
394.912, 2, 1.30989, 2.56938, 16.2714, 8.33439, 1.97584, 
395.04, 2, 1.30989, 2.56938, 16.6932, 8.74323, 1.98142, 
395.168, 2, 1.30989, 2.56938, 16.6269, 8.5103, 1.98676, 
395.296, 2, 1.30989, 2.56938, 16.5296, 8.6048, 1.99185, 
395.424, 2, 1.30989, 2.56938, 16.4994, 8.6834, 1.99669, 
395.552, 2, 1.30989, 2.56938, 16.5161, 8.77383, 2.00127, 
395.68, 2, 1.30989, 2.56938, 16.7594, 8.63155, 2.00559, 
395.808, 2, 1.30989, 2.56938, 16.7599, 8.54375, 2.00965, 
395.936, 2, 1.30989, 2.56938, 16.6411, 8.44233, 2.01344, 
396.064, 2, 1.30989, 2.56938, 16.3839, 8.30005, 2.01696, 
396.192, 2, 1.30989, 2.56938, 16.6398, 8.63775, 2.0202, 
396.32, 2, 1.30989, 2.56938, 16.5945, 8.48658, 2.02317, 
396.448, 2, 1.30989, 2.56938, 16.4255, 8.55937, 2.02587, 
396.576, 2, 1.30989, 2.56938, 16.6496, 8.93879, 2.02828, 
396.704, 2, 1.30989, 2.56938, 16.4619, 8.53715, 2.03041, 
396.832, 2, 1.30989, 2.56938, 16.3091, 9.18445, 2.03225, 
396.96, 2, 1.30989, 2.56938, 16.532, 8.75766, 2.03381, 
397.088, 2, 1.30989, 2.56938, 16.5367, 9.16189, 2.03508, 
397.216, 2, 1.30989, 2.56938, 16.7503, 9.12125, 2.03606, 
397.344, 2, 1.30989, 2.56938, 16.9521, 8.74022, 2.03675, 
397.472, 2, 1.30989, 2.56938, 16.6754, 8.39099, 2.03716, 
397.6, 2, 1.30989, 2.56938, 16.6232, 8.87483, 2.03727, 
397.728, 2, 1.30989, 2.56938, 16.8583, 8.42413, 2.03709, 
397.856, 2, 1.30989, 2.56938, 16.7874, 8.03636, 2.03663, 
397.984, 2, 1.30989, 2.56938, 16.5122, 8.68688, 2.03587, 
398.112, 2, 1.30989, 2.56938, 16.4623, 8.63837, 2.03482, 
398.24, 2, 1.30989, 2.56938, 16.5507, 9.13694, 2.03349, 
398.368, 2, 1.30989, 2.56938, 16.3007, 8.8081, 2.03187, 
398.496, 2, 1.30989, 2.56938, 16.6124, 8.49078, 2.02996, 
398.624, 2, 1.30989, 2.56938, 16.183, 8.0436, 2.02777, 
398.752, 2, 1.30989, 2.56938, 16.6817, 8.43842, 2.0253, 
398.88, 2, 1.30989, 2.56938, 16.5155, 8.69987, 2.02254, 
399.008, 2, 1.30989, 2.56938, 16.8053, 8.95676, 2.01951, 
399.136, 2, 1.30989, 2.56938, 16.9603, 8.4699, 2.01621, 
399.264, 2, 1.30989, 2.56938, 17.1492, 8.21703, 2.01263, 
399.392, 2, 1.30989, 2.56938, 16.45, 8.34689, 2.00878, 
399.52, 2, 1.30989, 2.56938, 16.5444, 8.69084, 2.00467, 
399.648, 2, 1.30989, 2.56938, 16.7863, 8.27791, 2.00029, 
399.776, 2, 1.30989, 2.56938, 16.7071, 8.56787, 1.99565, 
399.904, 2, 1.30989, 2.56938, 16.4633, 8.82468, 1.99076, 
400.032, 2, 1.30989, 2.56938, 16.6266, 8.89071, 1.98561, 
400.16, 2, 1.30989, 2.56938, 16.5386, 9.293, 1.98022, 
400.288, 2, 1.30989, 2.56938, 16.5935, 8.45812, 1.97458, 
400.416, 2, 1.30989, 2.56938, 16.6128, 8.95789, 1.96871, 
400.544, 2, 1.30989, 2.56938, 16.5042, 8.77242, 1.9626, 
400.672, 2, 1.30989, 2.56938, 16.3993, 8.18664, 1.95626, 
400.8, 2, 1.30989, 2.56938, 16.8088, 8.07957, 1.94969, 
400.928, 2, 1.30989, 2.56938, 16.5892, 8.4759, 1.94291, 
401.056, 2, 1.30989, 2.56938, 16.8391, 8.40616, 1.93591, 
401.184, 2, 1.30989, 2.56938, 16.3305, 8.6402, 1.9287, 
401.312, 2, 1.30989, 2.56938, 16.5442, 8.7493, 1.92128, 
401.44, 2, 1.30989, 2.56938, 16.3661, 8.95273, 1.91367, 
401.568, 2, 1.30989, 2.56938, 16.7519, 8.31943, 1.90586, 
401.696, 2, 1.30989, 2.56938, 16.6278, 8.88297, 1.89786, 
401.824, 2, 1.30989, 2.56938, 16.7822, 8.73265, 1.88968, 
401.952, 2, 1.30989, 2.56938, 16.5616, 9.00212, 1.88133, 
402.08, 2, 1.30989, 2.56938, 16.4689, 8.59633, 1.8728, 
402.208, 2, 1.30989, 2.56938, 16.5545, 8.88633, 1.8641, 
402.336, 2, 1.30989, 2.56938, 16.5616, 8.07816, 1.85525, 
402.464, 2, 1.30989, 2.56938, 16.543, 8.76136, 1.84624, 
402.592, 2, 1.30989, 2.56938, 16.9238, 8.94619, 1.83708, 
402.72, 2, 1.30989, 2.56938, 16.7187, 8.43017, 1.82778, 
402.848, 2, 1.30989, 2.56938, 16.6742, 8.85597, 1.81834, 
402.976, 2, 1.30989, 2.56938, 16.6679, 8.78007, 1.80876, 
403.104, 2, 1.30989, 2.56938, 16.7119, 8.96634, 1.79907, 
403.232, 2, 1.30989, 2.56938, 16.5154, 8.32387, 1.78925, 
403.36, 2, 1.30989, 2.56938, 16.4531, 8.19102, 1.77932, 
403.488, 2, 1.30989, 2.56938, 17.0485, 8.79333, 1.76927, 
403.616, 2, 1.30989, 2.56938, 16.4616, 8.33149, 1.75913, 
403.744, 2, 1.30989, 2.56938, 16.3707, 7.88954, 1.74888, 
403.872, 2, 1.30989, 2.56938, 16.5269, 8.24274, 1.73854, 
404, 2, 1.30989, 2.56938, 16.5181, 8.23449, 1.72812, 
404.128, 2, 1.30989, 2.56938, 16.715, 8.31762, 1.71761, 
404.256, 2, 1.30989, 2.56938, 16.4953, 8.4601, 1.70703, 
404.384, 2, 1.30989, 2.56938, 16.7653, 8.62069, 1.69637, 
404.512, 2, 1.30989, 2.56938, 16.4915, 8.32417, 1.68565, 
404.64, 2, 1.30989, 2.56938, 16.4557, 9.01518, 1.67487, 
404.768, 2, 1.30989, 2.56938, 16.7345, 8.4417, 1.66403, 
404.896, 2, 1.30989, 2.56938, 16.3229, 8.18585, 1.65314, 
405.024, 2, 1.30989, 2.56938, 16.8007, 8.45726, 1.6422, 
405.152, 2, 1.30989, 2.56938, 16.4958, 8.75835, 1.63122, 
405.28, 2, 1.30989, 2.56938, 16.3273, 8.76222, 1.6202, 
405.408, 2, 1.30989, 2.56938, 16.6591, 8.63736, 1.60915, 
405.536, 2, 1.30989, 2.56938, 16.8628, 8.4667, 1.59807, 
405.664, 2, 1.30989, 2.56938, 16.3631, 8.89104, 1.58696, 
405.792, 2, 1.30989, 2.56938, 16.5895, 8.10033, 1.57584, 
576.032, 3, 4.06932, 3.90368, 16.6259, 8.90372, 1.57516, 
576.16, 3, 4.06932, 3.90368, 16.4623, 8.16758, 1.58559, 
576.288, 3, 4.06932, 3.90368, 16.6494, 8.85068, 1.59598, 
576.416, 3, 4.06932, 3.90368, 16.7297, 8.50459, 1.60632, 
576.544, 3, 4.06932, 3.90368, 16.7747, 8.45008, 1.61662, 
576.672, 3, 4.06932, 3.90368, 16.6732, 8.3155, 1.62687, 
576.8, 3, 4.06932, 3.90368, 16.5297, 8.19783, 1.63705, 
576.928, 3, 4.06932, 3.90368, 16.5542, 8.81532, 1.64718, 
577.056, 3, 4.06932, 3.90368, 16.3414, 8.59437, 1.65724, 
577.184, 3, 4.06932, 3.90368, 16.5891, 8.6972, 1.66723, 
577.312, 3, 4.06932, 3.90368, 16.4802, 8.30122, 1.67714, 
577.44, 3, 4.06932, 3.90368, 16.6886, 8.4509, 1.68698, 
577.568, 3, 4.06932, 3.90368, 16.5433, 8.37098, 1.69673, 
577.696, 3, 4.06932, 3.90368, 16.6547, 8.93134, 1.70638, 
577.824, 3, 4.06932, 3.90368, 16.5716, 8.55716, 1.71595, 
577.952, 3, 4.06932, 3.90368, 16.5802, 8.82827, 1.72541, 
578.08, 3, 4.06932, 3.90368, 16.6737, 9.09114, 1.73476, 
578.208, 3, 4.06932, 3.90368, 16.431, 8.60584, 1.74401, 
578.336, 3, 4.06932, 3.90368, 16.6518, 8.32149, 1.75314, 
578.464, 3, 4.06932, 3.90368, 16.5311, 8.59731, 1.76215, 
578.592, 3, 4.06932, 3.90368, 16.5094, 8.43548, 1.77103, 
578.72, 3, 4.06932, 3.90368, 16.5098, 8.21763, 1.77978, 
578.848, 3, 4.06932, 3.90368, 16.8488, 8.2056, 1.78839, 
578.976, 3, 4.06932, 3.90368, 16.616, 9.17582, 1.79687, 
579.104, 3, 4.06932, 3.90368, 16.4438, 8.32817, 1.80519, 
579.232, 3, 4.06932, 3.90368, 16.5778, 8.24264, 1.81336, 
579.36, 3, 4.06932, 3.90368, 16.6653, 8.63985, 1.82138, 
579.488, 3, 4.06932, 3.90368, 16.7999, 8.99945, 1.82923, 
579.616, 3, 4.06932, 3.90368, 16.5153, 8.89451, 1.83691, 
579.744, 3, 4.06932, 3.90368, 16.4827, 8.13418, 1.84442, 
579.872, 3, 4.06932, 3.90368, 16.6193, 8.75409, 1.85175, 
580, 3, 4.06932, 3.90368, 16.5456, 8.46597, 1.8589, 
580.128, 3, 4.06932, 3.90368, 16.5579, 8.47178, 1.86586, 
580.256, 3, 4.06932, 3.90368, 16.6056, 8.59739, 1.87263, 
580.384, 3, 4.06932, 3.90368, 16.7399, 8.88284, 1.8792, 
580.512, 3, 4.06932, 3.90368, 16.5954, 8.18078, 1.88557, 
580.64, 3, 4.06932, 3.90368, 16.6314, 8.50149, 1.89173, 
580.768, 3, 4.06932, 3.90368, 16.6925, 8.75614, 1.89767, 
580.896, 3, 4.06932, 3.90368, 16.6695, 8.58249, 1.90341, 
581.024, 3, 4.06932, 3.90368, 16.7664, 8.23475, 1.90892, 
581.152, 3, 4.06932, 3.90368, 16.7581, 8.63957, 1.91421, 
581.28, 3, 4.06932, 3.90368, 16.7423, 8.79063, 1.91927, 
581.408, 3, 4.06932, 3.90368, 16.5609, 8.25676, 1.9241, 
581.536, 3, 4.06932, 3.90368, 16.568, 8.55953, 1.92869, 
581.664, 3, 4.06932, 3.90368, 16.7636, 8.70115, 1.93304, 
581.792, 3, 4.06932, 3.90368, 16.6312, 8.56595, 1.93715, 
581.92, 3, 4.06932, 3.90368, 16.646, 8.38968, 1.94102, 
582.048, 3, 4.06932, 3.90368, 16.4868, 8.91381, 1.94463, 
582.176, 3, 4.06932, 3.90368, 16.7351, 8.85795, 1.94799, 
582.304, 3, 4.06932, 3.90368, 16.6161, 8.49004, 1.9511, 
582.432, 3, 4.06932, 3.90368, 16.5497, 8.40094, 1.95395, 
582.56, 3, 4.06932, 3.90368, 16.7068, 8.89308, 1.95654, 
582.688, 3, 4.06932, 3.90368, 16.7965, 8.65057, 1.95887, 
582.816, 3, 4.06932, 3.90368, 16.4903, 8.79354, 1.96094, 
582.944, 3, 4.06932, 3.90368, 16.6983, 8.76537, 1.96274, 
583.072, 3, 4.06932, 3.90368, 16.5608, 9.07515, 1.96428, 
583.2, 3, 4.06932, 3.90368, 16.4724, 8.36493, 1.96554, 
583.328, 3, 4.06932, 3.90368, 16.6905, 8.86002, 1.96654, 
583.456, 3, 4.06932, 3.90368, 16.5125, 8.86266, 1.96727, 
583.584, 3, 4.06932, 3.90368, 16.5302, 7.89166, 1.96773, 
583.712, 3, 4.06932, 3.90368, 16.4347, 8.22814, 1.96792, 
583.84, 3, 4.06932, 3.90368, 16.5484, 8.88113, 1.96783, 
583.968, 3, 4.06932, 3.90368, 16.58, 8.53401, 1.96748, 
584.096, 3, 4.06932, 3.90368, 16.6394, 8.40443, 1.96685, 
584.224, 3, 4.06932, 3.90368, 16.5158, 8.66639, 1.96592, 
584.352, 3, 4.06932, 3.90368, 16.6463, 8.78605, 1.96479, 
584.48, 3, 4.06932, 3.90368, 16.6713, 8.5745, 1.9634, 
584.608, 3, 4.06932, 3.90368, 16.6389, 8.82049, 1.96169, 
584.736, 3, 4.06932, 3.90368, 16.5899, 8.3459, 1.95981, 
584.864, 3, 4.06932, 3.90368, 16.5834, 8.54469, 1.95765, 
584.992, 3, 4.06932, 3.90368, 16.6068, 8.19443, 1.95524, 
585.12, 3, 4.06932, 3.90368, 16.508, 8.54367, 1.95257, 
585.248, 3, 4.06932, 3.90368, 16.6134, 8.15691, 1.94968, 
585.376, 3, 4.06932, 3.90368, 16.6397, 8.43578, 1.94656, 
585.504, 3, 4.06932, 3.90368, 16.495, 8.5568, 1.94323, 
585.632, 3, 4.06932, 3.90368, 16.6757, 8.57208, 1.93964, 
585.76, 3, 4.06932, 3.90368, 16.6017, 8.66533, 1.93587, 
585.888, 3, 4.06932, 3.90368, 16.5781, 8.97077, 1.93182, 
586.016, 3, 4.06932, 3.90368, 16.6419, 8.22488, 1.92762, 
586.144, 3, 4.06932, 3.90368, 16.4941, 9.02996, 1.92313, 
586.272, 3, 4.06932, 3.90368, 16.588, 8.16992, 1.91848, 
586.4, 3, 4.06932, 3.90368, 16.829, 8.64494, 1.91363, 
586.528, 3, 4.06932, 3.90368, 16.6329, 8.98618, 1.90873, 
586.656, 3, 4.06932, 3.90368, 16.692, 8.94245, 1.90359, 
586.784, 3, 4.06932, 3.90368, 16.2867, 8.03545, 1.89839, 
586.912, 3, 4.06932, 3.90368, 16.4832, 8.59882, 1.89278, 
587.04, 3, 4.06932, 3.90368, 16.5623, 8.64685, 1.88698, 
587.168, 3, 4.06932, 3.90368, 16.7565, 8.4989, 1.88124, 
587.296, 3, 4.06932, 3.90368, 16.3094, 8.80666, 1.87522, 
587.424, 3, 4.06932, 3.90368, 16.694, 8.66924, 1.86922, 
587.552, 3, 4.06932, 3.90368, 16.7691, 8.55604, 1.86306, 
587.68, 3, 4.06932, 3.90368, 16.6709, 8.30146, 1.85659, 
587.808, 3, 4.06932, 3.90368, 16.6004, 8.71506, 1.85032, 
587.936, 3, 4.06932, 3.90368, 16.7192, 8.54225, 1.84368, 
588.064, 3, 4.06932, 3.90368, 16.5118, 9.12233, 1.83672, 
588.192, 3, 4.06932, 3.90368, 16.5273, 8.74482, 1.82958, 
588.32, 3, 4.06932, 3.90368, 16.6235, 8.62138, 1.82246, 
588.448, 3, 4.06932, 3.90368, 16.5523, 8.98715, 1.81501, 
588.576, 3, 4.06932, 3.90368, 16.6546, 7.87175, 1.80762, 
588.704, 3, 4.06932, 3.90368, 16.7086, 8.65527, 1.79987, 
588.832, 3, 4.06932, 3.90368, 16.5178, 8.54583, 1.79219, 
588.96, 3, 4.06932, 3.90368, 16.571, 8.56452, 1.78416, 
589.088, 3, 4.06932, 3.90368, 16.572, 9.10314, 1.77598, 
589.216, 3, 4.06932, 3.90368, 16.6294, 8.2878, 1.76766, 
589.344, 3, 4.06932, 3.90368, 16.6398, 8.11537, 1.75921, 
589.472, 3, 4.06932, 3.90368, 16.7706, 8.52681, 1.75061, 
589.6, 3, 4.06932, 3.90368, 16.6195, 8.78637, 1.74189, 
589.728, 3, 4.06932, 3.90368, 16.6278, 8.43459, 1.73305, 
589.856, 3, 4.06932, 3.90368, 16.4655, 8.51047, 1.72408, 
589.984, 3, 4.06932, 3.90368, 16.6311, 8.85641, 1.71501, 
590.112, 3, 4.06932, 3.90368, 16.3686, 9.07245, 1.70582, 
590.24, 3, 4.06932, 3.90368, 16.5286, 8.49288, 1.69653, 
590.368, 3, 4.06932, 3.90368, 16.638, 8.13708, 1.68714, 
590.496, 3, 4.06932, 3.90368, 16.6796, 8.33947, 1.67766, 
590.624, 3, 4.06932, 3.90368, 16.6236, 8.83973, 1.66809, 
590.752, 3, 4.06932, 3.90368, 16.5093, 8.43965, 1.65844, 
590.88, 3, 4.06932, 3.90368, 16.478, 8.9934, 1.64871, 
591.008, 3, 4.06932, 3.90368, 16.7117, 8.60436, 1.6389, 
591.136, 3, 4.06932, 3.90368, 16.7231, 8.96734, 1.62902, 
591.264, 3, 4.06932, 3.90368, 16.585, 8.34201, 1.61908, 
591.392, 3, 4.06932, 3.90368, 16.5955, 8.80015, 1.60908, 
591.52, 3, 4.06932, 3.90368, 16.665, 8.73379, 1.59902, 
591.648, 3, 4.06932, 3.90368, 16.695, 8.28124, 1.58891, 
591.776, 3, 4.06932, 3.90368, 16.4816, 8.46044, 1.57875, 
